Code;id;event;entity;year;issue
US;1;Massachusetts (1776);Massachusetts;1776;Declaration of Independence
US;2;Massachusetts (1778);Massachusetts;1778;Articles of Confederation
US;3;Rhode Island (1788);Rhode Island;1788;US constitution
F;4;Avignon and Comtat Venaissin (1791);Avignon, Comtat Venaissin;1791;Merger with France
F;5;Savoy (1792);Savoy;1792;Merger with France
F;6;Nice (1792);Nice;1792;Merger with France
US;7;Maine (1792);Maine;1792;Separation from Massachusetts
F;8;Monaco (1793);Monaco;1793;Unification with France
F;9;Belgium (1793);Bruges, Brussels, Ghent, Liege, Louvain, Namur, Ostende, etc.;1793;Merger with France
F;10;Rauracian Republic (1793);Rauracian Republic (French sister republic);1793;Merger with France
F;11;Rhineland (1793);Mainz, Speyer, Worms, Crehange, Pontpierre, Saarwerden, etc.;1793;Merger with France
F;12;Belgium (1795);Ypres, Grammont, Brabant, etc.;1795;Merger with France
F;13;Veltlin (1797);Veltlin, Sondrio;1797;Merger with Cisalpine Republic (French sister republic)
F;14;Venice (1797);Venice;1797;Transfer to Austria-Hungary
US;15;Maine (1797);Maine;1797;Separation from Massachusetts
F;16;Mulhouse (1798);Mulhouse;1798;Merger with France
F;17;Geneva (1798);Geneva;1798;Merger with France
F;18;Piedmont (1799);Piedmont;1799;Merger with France
US;19;Maine (1807);Maine;1807;Separation from Massachusetts
US;20;Maine (1816a);Maine;1816;Separation from Massachusetts
US;21;Maine (1816b);Maine;1816;Separation from Massachusetts
;22;Chile (1817);Chile (without Concepcion);1817;Independence
US;23;Maine (1819a);Maine;1819;Separation from Massachusetts
US;24;Maine (1819b);Maine;1819;Constitution (separate statehood)
;25;Nicoya (1824);Partido de Nicoya;1824;Merger with Costa Rica (no means merger with Nicaragua)
;26;Chiapas (1824);Chiapas;1824;Merger with United Provinces of Central America (or remaining with Mexico)
;27;Basel-Country (1831);Basel-Country;1831;Remaining with Basel-City
US;28;Michigan (1832);Michigan;1832;Statehood
US;29;Arkansas (1835);Arkansas;1835;Constitutional convention (statehood)
US;30;Michigan (1835);Michigan;1835;Constitution (statehood)
US;31;Texas (1836);Texas;1836;Separation from Mexico and merger with US
US;32;Florida (1837);Florida;1837;Constitutional convention (statehood)
US;33;Florida (1839);Florida;1839;Constitution (statehood)
US;34;Iowa (1840);Iowa;1840;Statehood
US;35;Iowa (1842);Iowa;1842;Statehood
US;36;Wisconsin (1842);Wisconsin;1842;Statehood
US;37;Wisconsin (1843);Wisconsin;1843;Statehood
US;38;Iowa (1844);Iowa;1844;Constitutional convention (statehood)
US;39;Iowa (1845a);Iowa;1845;Constitution (statehood)
US;40;Iowa (1845b);Iowa;1845;Constitution (statehood)
US;41;Texas (1845);Texas;1845;Separation from Mexico and merger with US
US;42;Wisconsin (1846);Wisconsin;1846;Statehood
;43;Liberia (1846);Liberia;1846;Independence
US;44;Iowa (1846);Iowa;1846;Constitution (statehood)
US;45;Wisconsin (1847);Wisconsin;1847;Constitution (statehood)
US;46;Wisconsin (1848);Wisconsin;1848;Constitution (statehood)
E;47;Parma and Piacenza (1848);Piacenza;1848;Unification with Sardinia (or with Lombardy, with Papal States, with Tuscany, or separate union with Parma (status quo))
E;48;Modena and Reggio (1848);Reggio;1848;Unification with Sardinia (or Lombardy, Parma, Papal States, or Tuscany)
E;49;Parma and Piacenza (1848);Parma;1848;Unification with Sardinia (or with Tuscany, with Papal States, or accepting Carlo II as King (status quo), or other)
E;50;Lombardy (1848);Milan, Brescia, Pavia;1848;Merger with Sardinia or delay the decision
E;51;Modena and Reggio (1848);Modena;1848;Unification with Sardinia (or Lombardy, Parma, Papal States, or Tuscany)
E;52;Venice (1848);Venetian mainland;1848;Merger with Sardinia
E;53;Menton and Roquebrune (1848);Menton, Roquebrune;1848;Merger with Sardinia
E;54;Switzerland (1848);Geneva;1848;Constitution (unification)
E;55;Switzerland (1848);Basel-Country;1848;Constitution (unification)
E;56;Switzerland (1848);Berne;1848;Constitution (unification)
E;57;Switzerland (1848);Solothurn;1848;Constitution (unification)
E;58;Switzerland (1848);Zurich;1848;Constitution (unification)
E;59;Switzerland (1848);Glarus;1848;Constitution (unification)
E;60;Switzerland (1848);Basel-City;1848;Constitution (unification)
E;61;Switzerland (1848);Argovia;1848;Constitution for Switzerland (federal system)
E;62;Switzerland (1848);Lucerne;1848;Constitution (unification)
E;63;Switzerland (1848);Schaffhouse;1848;Constitution (unification)
E;64;Switzerland (1848);St. Gall;1848;Constitution (unification)
E;65;Switzerland (1848);Thurgau;1848;Constitution (unification)
E;66;Switzerland (1848);Valais;1848;Constitution (unification)
E;67;Switzerland (1848);Zug;1848;Constitution (unification)
E;68;Switzerland (1848);Appenzell Inner Rhodes;1848;Constitution (unification)
E;69;Switzerland (1848);Appenzell Outer Rhodes;1848;Constitution (unification)
E;70;Switzerland (1848);Neuchatel;1848;Constitution (unification)
E;71;Switzerland (1848);Nidwalden;1848;Constitution (unification)
E;72;Switzerland (1848);Obwalden;1848;Constitution (unification)
E;73;Switzerland (1848);Schwyz;1848;Constitution (unification)
E;74;Switzerland (1848);Uri;1848;Constitution (unification)
E;75;Switzerland (1848);Ticino;1848;Constitution (unification)
E;76;Switzerland (1848);Vaud;1848;Constitution (unification)
E;77;Parma and Piacenza (1848);Guastalla;1848;Unification with Sardinia
US;78;California (1849);California;1849;Constitution (statehood)
US;79;New Mexico (1850);New Mexico;1850;Constitution (statehood)
;80;Maryland in Liberia (1853);Maryland in Liberia;1853;Independence
US;81;Oregon (1854);Oregon;1854;Constitutional convention (statehood)
US;82;Kansas (1855);Kansas;1855;Constitution (statehood: Topeka)
US;83;Oregon (1855);Oregon;1855;Constitutional convention (statehood)
US;84;Utah (1856);Utah;1856;Constitution (statehood)
US;85;Oregon (1856);Oregon;1856;Constitutional convention (statehood)
;86;Maryland in Liberia (1857);Maryland in Liberia;1857;Merger with Liberia
US;87;Oregon (1857a);Oregon;1857;Constitutional convention (statehood)
US;88;Minnesota (1857);Minnesota;1857;Constitution (statehood)
US;89;Oregon (1857b);Oregon;1857;Constitution (statehood)
US;90;Kansas (1857);Kansas;1857;Constitution (statehood: Lecompton)
US;91;Kansas (1858a);Kansas;1858;Constitution (statehood: Lecompton)
US;92;Kansas (1858b);Kansas;1858;Constitution (statehood: Leavenworth)
US;93;Kansas (1858c);Kansas;1858;Constitution (statehood: Lecompton)
US;94;Kansas (1859a);Kansas;1859;Constitutional convention (statehood: Wyandotte)
US;95;Colorado (1859a);Pikes Peak Country (today: Colorado);1859;Separate statehood or separate territorial status (Jefferson territory)
US;96;Kansas (1859b);Kansas;1859;Constitution (statehood: Wyandotte)
US;97;Colorado (1859b);Pikes Peak Country (today: Colorado);1859;Constitution (separate Jefferson territory)
US;98;Nebraska (1860);Nebraska;1860;Constitutional convention (statehood)
E;99;League of Central Italy (1860);Bologna;1860;Merger with Sardinia (or separate kingdom)
E;100;League of Central Italy (1860);Modena;1860;Merger with Sardinia (or separate kingdom)
E;101;League of Central Italy (1860);Parma;1860;Merger with Sardinia (or separate kingdom)
E;102;League of Central Italy (1860);Tuscany;1860;Merger with Sardinia (or separate kingdom)
E;103;Nice (1860);Nice;1860;Merger with France
E;104;Savoy (1860);Savoy;1860;Merger with France
E;105;Kingdom of the Two Sicilies (1860);Naples;1860;Merger with Sardinia
E;106;Kingdom of the Two Sicilies (1860);Sicily;1860;Merger with Sardinia
E;107;Marche & Umbria (1860);Marche;1860;Merger with Sardinia
E;108;Marche & Umbria (1860);Umbria;1860;Merger with Sardinia
US;109;Tennessee (1861a);Tennessee;1861;Constitutional convention (secession)
US;110;Arkansas (1861);Arkansas;1861;Constitutional convention (secession)
US;111;Texas (1861);Texas;1861;Secession
US;112;North Carolina (1861);North Carolina;1861;Constitutional convention (secession)
US;113;Virginia (1861);Virginia;1861;Secession
US;114;Tennessee (1861b);Tennessee;1861;Secession
US;115;West Virginia (1861);West Virginia;1861;Separation from Virginia (separate statehood)
US;116;Utah (1862);Utah;1862;Constitution (statehood)
US;117;West Virginia (1862);West Virginia;1862;Constitution (separate statehood)
US;118;Nevada (1863);Nevada;1863;Constitution (statehood)
US;119;West Virginia (1863);West Virginia;1863;Constitutional amendment (separate statehood)
US;120;Nevada (1864);Nevada;1864;Constitution (statehood)
US;121;Colorado (1864);Colorado;1864;Constitution (statehood)
US;122;Colorado (1865);Colorado;1865;Constitution (statehood)
US;123;Nebraska (1866);Nebraska;1866;Constitution (statehood)
E;124;Venice (1866);Venice;1866;Merger with Italy
US;125;Danish West Indies (1868);St. John, St. Thomas (today part of American Virgin Islands);1868;Cession of the Danish West Indies to the US
US;126;Dominican Republic (1870);Dominican Republic;1870;Unification with the US
E;127;Papal States (1870);Rome;1870;Merger with Italy
US;128;Utah (1872);Utah;1872;Constitution (statehood)
US;129;New Mexico (1872);New Mexico;1872;Constitution (statehood)
US;130;Colorado (1876);Colorado;1876;Constitution (statehood)
;131;Saint Barthelemy (1877);Saint Barthelemy;1877;Cession of Saint Barthelemy to France
US;132;Washington (1878);Washington;1878;Constitution (statehood)
US;133;Utah (1882);Utah;1882;Constitution (statehood)
US;134;South Dakota (1883);South Dakota;1883;Constitution (separate statehood for South Dakota)
US;135;Montana (1884);Montana;1884;Constitution (statehood)
US;136;South Dakota (1885);South Dakota;1885;Constitution (separate statehood for South Dakota)
US;137;Utah (1887);Utah;1887;Constitution (statehood)
US;138;Dakota (1887);North Dakota;1887;Division of Dakota territory
US;139;Dakota (1887);South Dakota;1887;Division of Dakota territory
US;140;Montana (1889);Montana;1889;Constitution (statehood)
US;141;North Dakota (1889);North Dakota;1889;Constitution (statehood)
US;142;South Dakota (1889);South Dakota;1889;Constitution (statehood)
US;143;Washington (1889);Washington;1889;Constitution (statehood)
US;144;Idaho (1889);Idaho;1889;Constitution (statehood)
US;145;Wyoming (1889);Wyoming;1889;Constitution (statehood)
US;146;New Mexico (1889);New Mexico;1889;Constitution (statehood)
US;147;Utah (1895);Utah;1895;Constitution (statehood)
;148;Australia (1898);Tasmania;1898;Australian constitution (federation)
;149;Australia (1898);New South Wales;1898;Australian constitution (federation)
;150;Australia (1898);South Australia;1898;Australian constitution (federation)
;151;Australia (1898);Victoria;1898;Australian constitution (federation)
;152;Australia (1899);South Australia;1899;Australian constitution (federation)
;153;Australia (1899);New South Wales;1899;Australian constitution (federation)
;154;Australia (1899);Tasmania;1899;Australian constitution (federation)
;155;Australia (1899);Victoria;1899;Australian constitution (federation)
;156;Australia (1899);Queensland;1899;Australian constitution (federation)
;157;Australia (1899);Western Australia;1900;Australian constitution (federation)
;158;Valle 16 de Octubre (1902);Valle 16 de Octubre;1902;Merger with Argentina or Chile
devo;159;Norway (1905);Norway;1905;Dissolution of the union with Sweden (independence)
US;160;Indian Territory (1905);Indian Territory (Oklahoma);1905;Constitution (statehood)
US;161;Arizona-New Mexico (1906);Arizona;1906;Joint statehood with New Mexico
US;162;Arizona-New Mexico (1906);New Mexico;1906;Joint statehood with Arizona
US;163;Oklahoma (1907);Oklahoma;1907;Constitution (statehood)
;164;Natal (1909);Natal;1909;Joining South Africa
US;165;New Mexico (1911);New Mexico;1911;Constitution (statehood)
US;166;Arizona (1911a);Arizona;1911;Constitution (statehood)
US;167;Arizona (1911b);Arizona;1911;Constitutional amendment (statehood)
US;168;Danish West Indies (1916);St. Croix (today part of American Virgin Islands);1916;Cession of the Danish West Indies to the US
US;169;Denmark (1916);Denmark;1916;Cession of the Danish West Indies to the US
ww1;170;Kars, Batum & Ardahan (1918);Kars, Batum, Ardahan;1918;Remaining with Turkey (annexation of Russian territory)
;171;Iceland (1918);Iceland;1918;Alliance Act with the Danish Crown (union with Denmark)
ww1;172;Vorarlberg (1919);Vorarlberg;1919;Merger with Switzerland
devo;173;Aland Islands (1919);Aland Islands;1919;Merger with Sweden
;174;Coburg (1919);Coburg;1919;Merger with Bavaria or Thueringen
ww1;175;Hlucin region (1919);Hlucin region;1919;Remaining with Germany (opposition against transfer to Czechoslovakia)
ww1;176;Lower Silesia (1919);Namslau district (Northern part);1919;Remaining with Germany (opposition against transfer to Poland)
ww1;177;Eupen and Malmedy (1920);Eupen, Malmedy;1920;Return to Germany
ww1;178;Schleswig (1920);North Schleswig (Zone I);1920;Accession to Denmark or to Germany
ww1;179;Schleswig (1920);Central Schleswig (Zone II);1920;Accession to Denmark or to Germany
ww1;180;Allenstein (1920);Allenstein;1920;Accession to Germany or to Poland
ww1;181;Marienwerder (1920);Marienwerder;1920;Accession to Germany or to Poland
ww1;182;Klagenfurt Basin (1920);Klagenfurt Basin (Zone I);1920;Accession to Austria or to Yugoslavia
;183;Nakhchivan (1921);Nakhchivan;1921;Joining Armenian or Azeri Soviet Republic
ww1;184;Upper Silesia (1921);Upper Silesia;1921;Accession to Poland or to Germany
ww1;185;Lower Silesia (1921);Namslau district (Southern part);1921;Accession to Poland or to Germany
ww1;186;Tyrol (1921);Tyrol;1921;Merger with Germany
ww1;187;Salzburg (1921);Salzburg;1921;Merger with Germany
ww1;188;Sopron (1921);Sopron;1921;Accession to Austria or to Hungary
devo;189;Upper Silesia (1922);Upper Silesia;1922;Separation from Prussia
;190;Rhodesia (1922);Rhodesia (Southern Rhodesia);1922;Merger with South Africa (or responsible government (autonomy) within UK)
devo;191;Liivimaa (1923);Liivimaa;1923;Autonomy
devo;192;Hannover (1924);Hannover;1924;Separation from Prussia
;193;Schaumburg-Lippe (1926);Schaumburg-Lippe;1926;Merger with Prussia
;194;Waldeck (1929);Waldeck;1929;Merger with Prussia
devo;195;Bolivia (1931);Bolivia;1931;Decentralisation
devo;196;Catalonia (1931);Catalonia;1931;Autonomy Statute
devo;197;Western Australia (1933);Western Australia;1933;Independence
devo;198;Basque Country (1933);Basque Country;1933;Autonomy Statute
ww1;199;Saar (1935);Saar;1935;Merger with France, Germany, or status quo (mandated territory)
;200;Philippines (1935);Philippines;1935;Independence plan
;201;Basel (1936);Basel-City;1936;Reunification with Basel-Country
;202;Basel (1936);Basel-Country;1936;Reunification with Basel-City
devo;203;Galicia (1936);Galicia;1936;Autonomy Statute
ww1;204;Austria (1938);Austria;1938;Unification of Austria with Germany
ww1;205;Austria (1938);Germany;1938;Unification of Austria with Germany
;206;Paraguay (1938);Paraguay;1938;Chaco Treaty (transfer of disputed territory to Paraguay)
;207;Basel (1938);Basel-City;1938;Reunification with Basel-Country
;208;Basel (1938);Basel-Country;1938;Reunification with Basel-City
US;209;Hawaii (1940);Hawaii;1940;Statehood
decol;210;Iceland (1944);Iceland;1944;Revocation of the Alliance Act with the Danish Crown (separation from Denmark)
;211;Tende and La Brigue (1945);Tende, La Brigue;1945;Accession to France
;212;Mongolia (1945);Mongolia;1945;Independence (plebiscite was required to garner Chinese recognition)
devo;213;Inner Mongolia (1945);Inner Mongolia;1945;Merger with Mongolia
;214;Poland (1946);Poland;1946;Borders with Germany and the Baltic States
devo;215;Faroe Islands (1946);Faroe Islands;1946;Independence (or proposed autonomy)
US;216;Alaska (1946);Alaska;1946;Statehood
decol;217;Sylhet (1947);Sylhet;1947;Accession to Assam (India) or to East Bengal (Pakistan)
decol;218;North-West Frontier (1947);North West Frontier;1947;Accession to India or to Pakistan
;219;Tende and La Brigue (1947);Tende, La Brigue;1947;Accession to France
decol;220;Kathiawar (1948);Junagadh;1948;Merger with India
decol;221;Kathiawar (1948);Mangrol, Manavadar, Bhatwa, Sardargarh, Babariawad;1948;Merger with India
decol;222;Newfoundland (1948);Newfoundland;1948;Status
decol;223;American Virgin Islands (1948);American Virgin Islands;1948;Domestically elected executive
decol;224;Chandannagar (1949);Chandannagar;1949;Remaining with France (or acceding to India)
decol;225;Cyprus (1950);Cyprus;1950;Enosis (merger with Greece)
;226;Baden-Wuerttemberg (1950);North-Baden;1950;South-West State (no implies that Baden and Wuerttemberg remain separate, the latter including Hohenzollern)
;227;Baden-Wuerttemberg (1950);North-Wuerttemberg;1950;South-West State (no implies that Baden and Wuerttemberg remain separate, the latter including Hohenzollern)
;228;Baden-Wuerttemberg (1950);South-Baden;1950;South-West State (no implies that Baden and Wuerttemberg remain separate, the latter including Hohenzollern)
;229;Baden-Wuerttemberg (1950);Wuerttemberg-Hohenzollern;1950;South-West State (no implies that Baden and Wuerttemberg remain separate, the latter including Hohenzollern)
US;230;Hawaii (1950);Hawaii;1950;Constitution (statehood)
devo;231;Nagaland (1951);Nagaland;1951;Independence
decol;232;Puerto Rico (1951);Puerto Rico;1951;Elaboration of constitution (autonomy)
;233;Baden-Wuerttemberg (1951);North-Baden;1951;South-West State (no implies that Baden and Wuerttemberg remain separate, the latter including Hohenzollern)
;234;Baden-Wuerttemberg (1951);North-Wuerttemberg;1951;South-West State (no implies that Baden and Wuerttemberg remain separate, the latter including Hohenzollern)
;235;Baden-Wuerttemberg (1951);South-Baden;1951;South-West State (no implies that Baden and Wuerttemberg remain separate, the latter including Hohenzollern)
;236;Baden-Wuerttemberg (1951);Wuerttemberg-Hohenzollern;1951;South-West State (no implies that Baden and Wuerttemberg remain separate, the latter including Hohenzollern)
decol;237;Rhodesia (1953);Rhodesia (Southern Rhodesia);1953;Accession to Central African Federation
decol;238;American Virgin Islands (1953);American Virgin Islands;1953;Domestically elected executive
devo;239;New England (1953);New England;1953;Separation from New South Wales
;240;Saar (1955);Saar;1955;European Statute (autonomous status under the aegis of the WEU)
decol;241;Malta (1956);Malta;1956;Integration into the UK
US;242;Alaska (1956);Alaska;1956;Constitution (statehood)
decol;243;British Togoland (1956);British Togololand;1956;Merger with independent Ghana
decol;244;Minicoy (1956);Minicoy (Maliku);1956;Merger with India (confirmation of transfer from UK)
decol;245;French Togoland (1956);French Togoland;1956;Constitution (autonomy)
;246;United Arab Republic (1958);Egypt;1958;United Arab Republic (union with Syria)
;247;United Arab Republic (1958);Syria;1958;United Arab Republic (union with Egypt)
;248;Basel-Country (1958);Basel-Country;1958;Reunification with Basel-City
US;249;Alaska (1958);Alaska;1958;Statehood
decol;250;France (1958);Benin (Dahomey);1958;Constitution (remain with France)
decol;251;France (1958);Burkina Faso (Upper Volta);1958;Constitution (remain with France)
decol;252;France (1958);Central African Republic (Ubangi-Shari);1958;Constitution (remain with France)
decol;253;France (1958);Chad;1958;Constitution (remain with France)
decol;254;France (1958);Comoros;1958;Constitution (remain with France)
decol;255;France (1958);Congo (French Congo);1958;Constitution (remain with France)
decol;256;France (1958);Djibouti (French Somaliland);1958;Constitution (remain with France)
decol;257;France (1958);French Polynesia;1958;Constitution (remain with France)
decol;258;France (1958);Gabon;1958;Constitution (remain with France)
decol;259;France (1958);Guinea (French Guinea);1958;Constitution (remain with France)
decol;260;France (1958);Ivory Coast;1958;Constitution (remain with France)
decol;261;France (1958);Madagascar;1958;Constitution (remain with France)
decol;262;France (1958);Mali (French Sudan);1958;Constitution (remain with France)
decol;263;France (1958);Mauritania;1958;Constitution (remain with France)
decol;264;France (1958);New Caledonia;1958;Constitution (remain with France)
decol;265;France (1958);Niger;1958;Constitution (remain with France)
decol;266;France (1958);Saint Pierre et Miquelon;1958;Constitution (remain with France)
decol;267;France (1958);Senegal;1958;Constitution (remain with France)
decol;268;Northern Mariana Islands (1958);Northern Mariana Islands;1958;Reunification with Guam
US;269;Hawaii (1959);Hawaii;1959;Statehood
devo;270;Jura (1959);Berne;1959;Separation from Berne
decol;271;British Northern Cameroons (1959);British Northern Cameroons;1959;Accession to Nigeria (or postponement of the decision)
decol;272;Wallis and Futuna (1959);Wallis and Futuna;1959;Separation from New Caledonia and becoming a French overseas territory
;273;Basel-Country (1960);Basel-Country;1960;Reunification with Basel-City
decol;274;Algeria (1961);Algeria;1961;Algerian self-government and self-determination
decol;275;Algeria (1961);France;1961;Algerian self-government and self-determination
decol;276;Northern Mariana Islands (1961);Northern Mariana Islands;1961;Status
decol;277;British Cameroons (1961);British Northern Cameroons;1961;Merger with Nigeria or Ghana
decol;278;British Cameroons (1961);British Southern Cameroons;1961;Merger with Nigeria or Ghana
decol;279;Western Samoa (1961);Western Samoa;1961;Independence
decol;280;Somalia (1961);Somalia;1961;Constitution (merger of two Somalias)
decol;281;Dadra and Nagar (1961);Dadra, Nagar;1961;Accession to India (formalizing India's annexation and the end of Portuguese colonial rule)
decol;282;Jamaica (1961);Jamaica;1961;Remaining with the West Indies Federation (or separate independence)
decol;283;Algeria (1962);France;1962;Evian Accords (Algerian independence)
decol;284;Algeria (1962);Algeria;1962;Independence
decol;285;Singapore (1962);Singapore;1962;Terms under which Singapore accedes the Malaysian Federation
decol;286;North-Eastern Kenya (1962);North-Eastern Kenya;1962;Merger with Somalia
devo;287;Mid-Western Region (1963);Mid-Western Region;1963;Creation of Mid-Western Region
decol;288;Northern Mariana Islands (1963);Northern Mariana Islands;1963;Reunification with Guam
decol;289;Equatorial Guinea (1963);Equatorial Guinea (Spanish Guinea);1963;Autonomy
decol;290;Malta (1964);Malta;1964;Constitution (independence)
decol;291;Rhodesia (1964);Rhodesia (Southern Rhodesia);1964;Independence
;292;Daman, Diu, and Goa (1967);Daman;1967;Accession to Gujarat or remain union territory
;293;Daman, Diu, and Goa (1967);Diu;1967;Accession to Gujarat or remain union territory
;294;Daman, Diu, and Goa (1967);Goa;1967;Accession to Maharashtra or remain union territory
decol;295;Djibouti (1967);Djibouti (French Somaliland);1967;Remaining with the French Community (or independence)
US;296;Puerto Rico (1967);Puerto Rico;1967;Status
devo;297;New England (1967);New England;1967;Separation from New South Wales
decol;298;Anguilla (1967);Anguilla;1967;Separation from St. Kitts and Nevis
decol;299;Gibraltar (1967);Gibraltar;1967;Spanish sovereignty (transfer to Spain)
decol;300;Kamaran Island (1967);Kamaran Island;1967;Merger with South Yemen
decol;301;Khuriya Muriya Islands (1967);Khuriya Muriya Islands;1967;Merger with British Oman (no implies merger with independent South Yemen)
decol;302;Perim Island (1967);Perim Island;1967;Merger with South Yemen
decol;303;Equatorial Guinea (1968);Equatorial Guinea (Spanish Guinea);1968;Constitution (independence)
decol;304;Anguilla (1969);Anguilla;1969;Constitution (independence)
decol;305;Guam (1969);Guam;1969;Reunification with Northern Marianas
decol;306;Northern Mariana Islands (1969);Northern Mariana Islands;1969;Status
;307;Basel (1969);Basel-City;1969;Constitution (reunification with Basel-Country)
;308;Basel (1969);Basel-Country;1969;Constitution (reunification with Basel-City)
devo;309;Jura (1970);Berne;1970;Constitutional amendment (procedure for creation of new Jura canton)
devo;310;Baden (1970);Baden;1970;Restoration of Baden
;311;Federation of Arab Republics (1971);Egypt;1971;Federation of Arab Republics (union with Libya and Syria)
;312;Federation of Arab Republics (1971);Lybia;1971;Federation of Arab Republics (union with Egypt and Syria)
;313;Federation of Arab Republics (1971);Syria;1971;Federation of Arab Republics (union with Egypt and Lybia)
Supra;314;France (1972);France;1972;EC enlargement
Supra;315;Ireland (1972);Ireland;1972;EC accession
decol;316;American Samoa (1972);American Samoa;1972;Domestically elected executive
Supra;317;Norway (1972);Norway;1972;EC accession
Supra;318;Denmark (1972);Denmark;1972;EC accession
devo;319;Northern Ireland (1973);Northern Ireland;1973;Remaining with the UK
decol;320;American Samoa (1973);American Samoa;1973;Domestically elected executive
;321;Gozo (1973);Gozo;1973;Keeping autonomous status
devo;323;Jura (1974);Jura;1974;Separation from Berne
decol;322;American Samoa (1974);American Samoa;1974;Domestically elected executive
decol;324;Tuvalu (1974);Tuvalu (Ellice Islands);1974;Separation from Gilbert Islands
decol;325;Niue (1974);Niue;1974;Constitution (free association with New Zealand)
decol;326;Comoros (1974);Comoros;1974;Independence
devo;327;Oldenburg (1975);Oldenburg;1975;Separation from Niedersachsen
devo;328;Schaumburg-Lippe (1975);Schaumburg-Lippe;1975;Separation from Niedersachsen
devo;329;Jura (1975a);South Jura;1975;Remaining with Berne
;330;Sikkim (1975);Sikkim;1975;Abolishing monarchy (and becoming an Indian state)
Supra;331;United Kingdom (1975);United Kingdom;1975;Remain part of the EC
devo;332;Northern Cyprus (1975);Northern Cyprus;1975;Constitution (independence)
US;333;Northern Mariana Islands (1975);Northern Mariana Islands;1975;Commonwealth status (becoming unincorporated US territory)
decol;334;US Pacific Islands (1975);Chuuk;1975;Status
decol;335;US Pacific Islands (1975);Marshall Islands;1975;Status
decol;336;US Pacific Islands (1975);Palau;1975;Status
decol;337;US Pacific Islands (1975);Pohnpei;1975;Status
decol;338;US Pacific Islands (1975);Yap;1975;Status
devo;339;Jura (1975b);13 municipalities (Berne, Jura);1975;Becoming part of Jura
devo;340;Jura (1975c);Laufen;1975;Remaining with Berne
decol;341;Mayotte (1976a);Mayotte;1976;Remaining with France
decol;342;Saint Pierre et Miquelon (1976);Saint Pierre et Miquelon;1976;DOM status (centralization)
devo;343;Shetland (1976);Shetland;1976;Freedom to opt out of Scottish devolution
decol;344;Mayotte (1976b);Mayotte;1976;Retaining TOM status
decol;345;American Samoa (1976);American Samoa;1976;Domestically elected executive
US;346;Guam (1976);Guam;1976;Status
decol;347;Palau (1976);Palau;1976;Separate status negotations with US
decol;348;Aruba (1977);Aruba;1977;Independence
devo;349;Mindanao (1977);Mindanao;1977;Autonomy
decol;350;Djibouti (1977);Djibouti (French Somaliland);1977;Independence
devo;351;Namibia (1977);Namibia (South-West Africa);1977;Turnhalle plan (South-African sponsored independence scheme)
decol;352;Nevis (1977);Nevis;1977;Independence
decol;353;Marshall Islands (1977);Marshall Islands;1977;Separate status negotations with US
;354;Panama (1977);Panama;1977;Torrijos-Carter-Treaties (transfer of Panama Canal to Panama)
decol;355;Micronesia (1978);Chuuk;1978;Constitution of the Federated States of Micronesia
decol;356;Micronesia (1978);Kosrae;1978;Constitution of the Federated States of Micronesia
decol;357;Micronesia (1978);Marshall Islands;1978;Constitution of the Federated States of Micronesia
decol;358;Micronesia (1978);Palau;1978;Constitution of the Federated States of Micronesia
decol;359;Micronesia (1978);Pohnpei;1978;Constitution of the Federated States of Micronesia
decol;360;Micronesia (1978);Yap;1978;Constitution of the Federated States of Micronesia
devo;361;Jura (1978);Switzerland;1978;Creation of Jura
devo;362;Greenland (1979);Greenland;1979;Home rule
devo;363;Scotland (1979);Scotland;1979;Devolution
devo;364;Wales (1979);Wales;1979;Devolution
;365;Egypt (1979);Egypt;1979;Peace treaty with Israel (ending Israel's occupation of the Sinai)
devo;366;Basque Country (1979);Basque Country;1979;Autonomy Statute
devo;367;Catalonia (1979);Catalonia;1979;Autonomy Statute
devo;368;Andalusia (1980);Andalusia;1980;Fast track autonomy
devo;369;Quebec (1980);Quebec;1980;Independence
devo;370;Vorarlberg (1980);Vorarlberg;1980;Autonomy
devo;371;Ciskei (1980);Ciskei;1980;Independence
devo;372;Galicia (1980);Galicia;1980;Autonomy Statute
devo;373;Andalusia (1981);Andalusia;1981;Autonomy Statute
US;374;Guam (1982);Guam;1982;Status
Supra;375;Greenland (1982);Greenland;1982;Remain in the EC
devo;376;Nunavut (1982);Northwest Territories;1982;Division of Northwest Territories
decol;377;Palau (1983);Palau;1983;Compact of Free Association
decol;378;Micronesia (1983);Micronesia;1983;Compact of Free Association
decol;379;Marshall Islands (1983);Marshall Islands;1983;Compact of Free Association
decol;380;Cocos Islands (1984);Cocos (Keeling) Islands;1984;Status
;381;Morocco (1984);Morocco;1984;Union with Libya
decol;382;Palau (1984);Palau;1984;Compact of Free Association
;383;Argentina (1984);Argentina;1984;Cession of Beagle Channel
devo;384;Northern Cyprus (1985);Northern Cyprus;1985;Constitution (independence)
decol;385;Palau (1986a);Palau;1986;Compact of Free Association
Supra;386;Denmark (1986);Denmark;1986;Single European Act
Supra;387;Spain (1986);Spain;1986;Continuation of NATO membership
decol;388;Falkland Islands (1986);Falkland Islands;1986;British sovereignty (transfer to Argentina)
decol;389;Palau (1986b);Palau;1986;Compact of Free Association
Supra;390;Ireland (1987);Ireland;1987;Single European Act
decol;391;Palau (1987a);Palau;1987;Compact of Free Association
decol;392;Palau (1987b);Palau;1987;Compact of Free Association
decol;393;New Caledonia (1987);New Caledonia;1987;Remaining in France
decol;394;New Caledonia (1988);France;1988;New Caledonia's Autonomy Statute
Supra;395;Italy (1989);Italy;1989;European Parliament should draft European Constitution
devo;396;Mindanao (1989);Mindanao;1989;Autonomy
p89;397;Transdniestria (1989);Transdniestria;1989;Pridnestrovian Soviet Socialist Republic
devo;398;Cordillera (1990);Cordillera;1990;Autonomy
decol;399;Palau (1990);Palau;1990;Compact of Free Association
devo;400;Rehoboth Gebied (1990);Rehoboth Gebied;1990;Independence
p89;401;Krajina (1990);Krajina;1990;Krajina Autonomous Oblast
p89;402;Slovenia (1990);Slovenia;1990;Independence
p89;403;Crimea (1991);Crimea;1991;Restoration of the Crimean Autonomous Soviet Socialist Republic
p89;404;Lithuania (1991);Lithuania;1991;Independence
p89;405;Estonia, Russian North-East (1991);Estonia, Russian North-East;1991;Remaining in the Soviet Union
p89;406;Estonia (1991);Estonia;1991;Independence
p89;407;Latvia (1991);Latvia;1991;Independence
p89;408;Kyrgyzstan (1991);Kyrgyzstan;1991;Sovereignty
p89;409;Sakhalin and Khuril Islands (1991);Sakhalin and Khuril Islands;1991;Merger with Japan
p89;410;Ukraine (1991a);Ukraine;1991;Sovereignty
p89;411;USSR (1991);USSR;1991;Union Treaty (continuance of the Soviet Union)
p89;412;Uzbekistan (1991a);Uzbekistan;1991;Sovereignty
p89;413;Western Ukraine (1991);Galicia (Western Ukraine);1991;Independence
p89;414;Georgia (1991);Georgia;1991;Independence
p89;415;Krajina (1991);Banija;1991;Merger with Krajina Autonomous Oblast
p89;416;Krajina (1991);Krajina;1991;Merger with Serbia
p89;417;Krajina (1991);Slavonia, Baranja, West Srem;1991;Merger with Serbia
p89;418;Croatia (1991);Croatia;1991;Independence
p89;419;Macedonia (1991);Macedonia;1991;Independence
p89;420;Armenia (1991);Armenia;1991;Independence
p89;421;Kosovo (1991);Kosovo;1991;Independence
p89;422;Sandzak (1991);Sandzak;1991;Creation of Sandzak autonomous region
p89;423;Turkmenistan (1991);Turkmenistan;1991;Independence
p89;424;Srpska (1991);Republika Srpska;1991;Merger with Serbia
p89;425;Berehove (1991);Berehove;1991;Autonomy (for Hungarians)
p89;426;Bolhrad (1991);Bolhrad;1991;Autonomy (for Bulgarians)
p89;427;Chernivtsi (1991);Chernivtsi Oblast;1991;Special regional economic status
p89;428;Gagauzia (1991);Gagauzia;1991;Independence
p89;429;Transdniestria (1991);Transdniestria;1991;Independence
p89;430;Ukraine (1991b);Ukraine;1991;Independence
p89;431;Zakarpattya (1991);Zakarpattya Oblast;1991;Autonomy (for Rusyns)
p89;432;Nagorno-Karabakh (1991);Nagorno-Karabakh;1991;Independence
p89;433;Azerbaijan (1991);Azerbaijan;1991;Independence
p89;434;Balkaria (1991);Balkaria;1991;Creation of a Balkar Republic
p89;435;Uzbekistan (1991b);Uzbekistan;1991;Independence
p89;436;Ingushetia (1991);Ingushetia;1991;Separation from Chechnya and return of Prigorodny raion
p89;437;West-Macedonia (1992);West-Macedonia;1992;Autonomy
p89;438;South Ossetia (1992);South Ossetia;1992;Merger with Russia
p89;439;Bosnia-Herzegovina (1992);Bosnia-Herzegovina;1992;Independence
p89;440;Montenegro (1992);Montenegro;1992;Remaining in Yugoslavia
p89;441;Presevo Valley (1992);Presevo Valley;1992;Full autonomy and merger with (independent) Kosovo
p89;442;Tatarstan (1992);Tatarstan;1992;Sovereignty
p89;443;Karachay-Cherkessia (1992);Karachay-Cherkessia;1992;Unity of Karachay-Cherkess Republic
devo;444;Nunavut (1992a);Northwest Territories;1992;Parker boundary lines (border with Nunavut)
Supra;445;Denmark (1992);Denmark;1992;Maastricht Treaty
Supra;446;Ireland (1992);Ireland;1992;Maastricht Treaty
p89;447;Kumykia (1992);Kumykia;1992;Kumyk Republic (autonomous area within Dagestan)
Supra;448;France (1992);France;1992;Maastrict Treaty
devo;449;Canada (1992);Canada;1992;Charlottetown Accord
devo;450;Nunavut (1992b);Nunavut;1992;Creation of Nunavut
devo;451;Eritrea (1993);Eritrea;1993;Independence
p89;452;Bashkortostan (1993);Bashkortostan;1993;Economic independence from Russia
p89;453;Sverdlovsk (1993);Sverdlovsk Oblast;1993;Ural Republic (status elevation)
p89;454;Vologda (1993);Vologda Oblast;1993;Republic status (status elevation)
p89;455;Srpska (1993);Republika Srpska;1993;Vance-Owen plan
Supra;456;Denmark (1993);Denmark;1993;Maastricht Treaty II
p89;457;Krajina (1993);Krajina;1993;Merger with Republika Srpska
p89;458;Narva and Sillamae (1993);Narva, Sillamae;1993;Autonomy
US;459;American Virgin Islands (1993);American Virgin Islands;1993;Status
decol;460;Palau (1993);Palau;1993;Compact of Free Association
US;461;Puerto Rico (1993);Puerto Rico;1993;Status
decol;462;Curacao (1993);Curacao;1993;Status
p89;463;Tuva (1993);Tuva;1993;Constitution (autonomy)
p89;464;Moldova (1994);Moldova;1994;Retaining independence (vs. union with Romania)
p89;465;Crimea (1994);Crimea;1994;Autonomy
p89;466;Donetsk (1994);Donetsk Oblast;1994;Federal Ukraine
devo;467;Christmas Island (1994);Christmas Island;1994;Enhanced autonomy or independence
Supra;468;Austria (1994);Austria;1994;EU accession
p89;469;Srpska (1994);Republika Srpska;1994;Bosnian federation
Supra;470;Sweden (1994);Sweden;1994;EU accession
decol;471;Saba (1994);Saba;1994;Status
decol;472;Sint Eustatius (1994);Sint Eustatius;1994;Status
decol;473;Sint Maarten (1994);Sint Maarten;1994;Status
Supra;474;Finland (1994);Finland;1994;EU accession
decol;475;Bonaire (1994);Bonaire;1994;Status
Supra;476;Aland Islands (1994);Aland Islands;1994;EU accession
Supra;477;Norway (1994);Norway;1994;EU accession
p89;478;Balkaria (1994);Balkaria;1994;Unity of the Kabardino-Balkaria Republic
p89;479;Gagauzia (1995);Gagauzia;1995;Autonomy
p89;480;Belarus (1995);Belarus;1995;Economic union with Russia
decol;481;Bermuda (1995);Bermuda;1995;Independence
devo;482;South-West Cameroon (1995);South-West Cameroon;1995;Independence
devo;483;Quebec's indigenous peoples (1995);Cree, Inuit, and Innu territories in Quebec;1995;Merger with English Canada if Quebec is to secede
devo;484;Quebec (1995);Quebec;1995;Independence
p89;485;Transdniestria (1995);Transdniestria;1995;Constitution (independence)
;486;Berlin-Brandenburg (1996);Berlin;1996;Merger of Berlin and Brandenburg
;487;Berlin-Brandenburg (1996);Brandenburg;1996;Merger of Berlin and Brandenburg
US;488;Hawaii (1996);Hawaii;1996;Native Hawaiian government
Supra;489;Slovakia (1997);Slovakia;1997;NATO accession
devo;490;Scotland (1997);Scotland;1997;Scottish Parliament and tax-varying powers
devo;491;Wales (1997);Wales;1997;Welsh Assembly
devo;492;Anjouan (1997);Anjouan;1997;Independence
Supra;493;Hungary (1997);Hungary;1997;NATO accession
devo;494;Anjouan (1998);Anjouan;1998;Constitution (independence)
devo;495;Cordillera (1998);Cordillera;1998;Autonomy
p89;496;Transdniestria (1998);Transdniestria;1998;Merger with Russian-Belarus Union
Supra;497;Ireland (1998);Ireland;1998;Amsterdam Treaty
devo;498;Northern Ireland (1998);Ireland;1998;Goodfriday Agreement
devo;499;Northern Ireland (1998);Northern Ireland;1998;Goodfriday Agreement
Supra;500;Denmark (1998);Denmark;1998;Amsterdam Treaty
devo;501;Nevis (1998);Nevis;1998;Independence
decol;502;New Caledonia (1998);New Caledonia;1998;Noumea Accord
US;503;Puerto Rico (1998);Puerto Rico;1998;Status
devo;504;Mexico (1999);Mexico;1999;Implementation of the 1996 San Andres Accords (autonomy and land rights for indigenous peoples)
devo;505;East Timor (1999);East Timor;1999;Special autonomy within Indonesia (no implies independence)
p89;506;Abkhazia (1999);Abkhazia;1999;Constitution (independence)
devo;507;Christmas Island (1999);Christmas Island;1999;Enhanced autonomy
;508;Anjouan (2000);Anjouan;2000;Peace plan (reunion with a federalized Comoros)
devo;509;Guayas (2000);Guayas;2000;Autonomy
devo;510;Los Rios (2000);Los Rios;2000;Autonomy
decol;511;Sint Maarten (2000);Sint Maarten;2000;Status
decol;512;Mayotte (2000);Mayotte;2000;Paris Agreement
devo;513;El Oro (2000);El Oro;2000;Autonomy
devo;514;Manabi (2000);Manabi;2000;Autonomy
devo;515;Sucumbios (2000);Sucumbios;2000;Autonomy
Supra;516;Denmark (2000);Denmark;2000;Euro
p89;517;Herzeg-Bosna (2000);Herzeg-Bosna;2000;Separate Croat entity within Bosnia and Herzegovina
devo;518;Faichuk (2000);Faichuk;2000;Separate state (constitution)
Supra;519;Switzerland (2001);Switzerland;2001;EU accession
p89;520;South Ossetia (2001);South Ossetia;2001;Constitution (independence)
devo;521;Somaliland (2001);Somaliland;2001;Constitution (independence)
Supra;522;Ireland (2001);Ireland;2001;Nice Treaty
devo;523;Mindanao (2001);Mindanao;2001;Expansion of autonomous region
devo;524;Italy (2001);Italy;2001;Regionalization
Supra;525;Ireland (2002);Ireland;2002;Nice Treaty II
decol;526;Gibraltar (2002);Gibraltar;2002;Shared sovereignty (transfer of some sovereign rights to Spain)
Supra;527;Malta (2003);Malta;2003;EU accession
Supra;528;Slovenia (2003a);Slovenia;2003;EU accession
Supra;529;Slovenia (2003b);Slovenia;2003;NATO accession
Supra;530;Hungary (2003);Hungary;2003;EU accession
Supra;531;Lithuania (2003);Lithuania;2003;EU accession
Supra;532;Slovakia (2003);Slovakia;2003;EU accession
Supra;533;Poland (2003);Poland;2003;EU accession
Supra;534;Czech Republic (2003);Czech Republic;2003;EU accession
devo;535;Corsica (2003);Corsica;2003;Autonomy
Supra;536;Estonia (2003);Estonia;2003;EU accession
Supra;537;Sweden (2003);Sweden;2003;Euro
Supra;538;Latvia (2003);Latvia;2003;EU accession
Supra;539;Romania (2003);Romania;2003;Constitutional amendments (EU accession)
;540;Perm Krai (2003);Komi-Permyak Autonomous Okrug;2003;Merger
;541;Perm Krai (2003);Perm Oblast;2003;Merger
devo;542;Saint Barthelemy (2003);Saint Barthelemy;2003;Separation from Guadeloupe & COM status (autonomy)
devo;543;Saint Martin (2003);Saint Martin;2003;Separation from Guadeloupe & COM status (autonomy)
;544;Cyprus (2004);Cyprus;2004;Annan plan
;545;Cyprus (2004);Northern Cyprus;2004;Annan plan
decol;546;Bonaire (2004);Bonaire;2004;Status
decol;547;Saba (2004);Saba;2004;Status
Supra;548;Spain (2005);Spain;2005;European Constitution
decol;549;Curacao (2005);Curacao;2005;Status
decol;550;Sint Eustatius (2005);Sint Eustatius;2005;Status
;551;Krasnoyarsk Krai (2005);Evenk Autonomous Okrug;2005;Merger
;552;Krasnoyarsk Krai (2005);Krasnoyarsk Krai;2005;Merger
;553;Krasnoyarsk Krai (2005);Taymyr Autonomous Okrug;2005;Merger
Supra;554;France (2005);France;2005;European Constitution
Supra;555;Netherlands (2005);Netherlands;2005;European Constitution
Supra;556;Luxembourg (2005);Luxembourg;2005;European Constitution
;557;Kamchatka Krai (2005);Kamchatka Oblast;2005;Merger
;558;Kamchatka Krai (2005);Koryak Autonomous Okrug;2005;Merger
decol;559;Tokelau (2006);Tokelau;2006;Free association with New Zealand
;560;Irkutsk Oblast (2006);Irkutsk Oblast;2006;Merger
;561;Irkutsk Oblast (2006);Ust-Orda Autonmous Okrug;2006;Merger
p89;562;Montenegro (2006);Montenegro;2006;Independence
devo;563;Catalonia (2006);Catalonia;2006;Enhanced autonomy
devo;564;Bolivia (2006);Bolivia;2006;Autonomy
p89;565;Transdniestria (2006);Transdniestria;2006;Independence and merger with Russia
p89;566;South Ossetia (2006);South Ossetia;2006;Independence
p89;567;South Ossetia, Georgian-controlled (2006);South Ossetia (Georgian-controlled part);2006;Re-unification with Georgia
p89;568;Nagorno-Karabakh (2006);Nagorno-Karabakh;2006;Constitution (independence)
Supra;569;Crimea (2006);Crimea;2006;NATO accession
devo;570;Szeklerland (2006);Szerklerland;2006;Autonomy
devo;571;Andalusia (2007);Andalusia;2007;Enhanced autonomy
;572;Zabaykalsky Krai (2007);Agin-Buryat Autonomous Okrug;2007;Merger
;573;Zabaykalsky Krai (2007);Chita Oblast;2007;Merger
decol;574;Tokelau (2007);Tokelau;2007;Free association with New Zealand
Supra;575;Georgia (2008);Georgia;2008;NATO accession
devo;576;Santa Cruz (2008);Santa Cruz;2008;Autonomy
devo;577;Beni (2008);Beni;2008;Autonomy
devo;578;Pando (2008);Pando;2008;Autonomy
Supra;579;Ireland (2008);Ireland;2008;Lisbon Treaty
devo;580;Tarija (2008);Tarija;2008;Autonomy
devo;581;Greenland (2008);Greenland;2008;Enhanced autonomy
decol;582;Mayotte (2009);Mayotte;2009;DOM status (centralization)
decol;583;Curacao (2009);Curacao;2009;Negotiated autonomy
devo;584;Catalonia (2009);552/947 Catalan municipalities;2009;Independence
Supra;585;Ireland (2009);Ireland;2009;Lisbon Treaty II
devo;586;Bolivia (2009);Chuquisaca;2009;Departmental autonomy
devo;587;Bolivia (2009);Cochabamba;2009;Departmental autonomy
devo;588;Bolivia (2009);Gran Chaco Province;2009;Regional autonomy
devo;589;Bolivia (2009);Indigenous municipalities;2009;Autonomous municipalities
devo;590;Bolivia (2009);La Paz;2009;Departmental autonomy
devo;591;Bolivia (2009);Oruro;2009;Departmental autonomy
devo;592;Bolivia (2009);Potosi;2009;Departmental autonomy
devo;593;French Guiana (2010);French Guiana;2010;COM status (autonomy)
devo;594;Martinique (2010);Martinique;2010;COM status (autonomy)
p89;595;Slovenia (2010);Slovenia;2010;Borders with Croatia
decol;596;Bonaire (2010);Bonaire;2010;Integration into Netherlands
devo;597;South Sudan (2011);South Sudan;2011;Independence
devo;598;Wales (2011);Wales;2011;Enhanced autonomy
Supra;599;Croatia (2012);Croatia;2012;EU accession
p89;600;Northern Kosovo (2012);Northern Kosovo;2012;Acceptance of Kosovar institutions
Supra;601;Ireland (2012);Ireland;2012;Fiscal Stability Treaty
US;602;Puerto Rico (2012);Puerto Rico;2012;Status
